,building size,conv cost @20,green ben,green cost,green ins,green net
0,935.6666666666666,9213.828123999267,,0.0,0,
1,935.6666666666666,9213.828123999267,0.0,0.0,0,0.0
2,935.6666666666666,9213.828123999267,0.0,0.0,0,0.0
3,935.6666666666666,9213.828123999267,0.0,0.0,0,0.0
4,935.6666666666666,9213.828123999267,0.0,0.0,0,0.0
5,935.6666666666666,9213.828123999267,0.0,0.0,0,0.0
6,935.6666666666666,9213.828123999267,0.0,0.0,0,0.0
7,935.6666666666666,9213.828123999267,0.0,0.0,0,0.0
8,935.6666666666666,9213.828123999267,0.0,0.0,0,0.0
9,935.6666666666666,9213.828123999267,0.0,0.0,0,0.0
10,935.6666666666666,9213.828123999267,0.0,0.0,0,0.0
11,935.6666666666666,9213.828123999267,0.0,0.0,0,0.0
12,935.6666666666666,9213.828123999267,0.0,0.0,0,0.0
13,935.6666666666666,9213.828123999267,0.0,0.0,0,0.0
14,935.6666666666666,9213.828123999267,0.0,0.0,0,0.0
15,935.6666666666666,9213.828123999267,0.0,0.0,0,0.0
16,935.6666666666666,9213.828123999267,0.0,0.0,0,0.0
17,935.6666666666666,9213.828123999267,0.0,0.0,0,0.0
18,935.6666666666666,9213.828123999267,0.0,0.0,0,0.0
19,935.6666666666666,9213.828123999267,0.0,0.0,0,0.0
20,935.6666666666666,9213.828123999267,0.0,0.0,0,0.0
21,935.6666666666666,9213.828123999267,0.0,0.0,0,0.0
22,935.6666666666666,9213.828123999267,0.0,0.0,0,0.0
23,935.6666666666666,9213.828123999267,0.0,0.0,0,0.0
24,935.6666666666666,9213.828123999267,0.0,0.0,0,0.0
25,935.6666666666666,9213.828123999267,0.0,0.0,0,0.0
26,935.6666666666666,9213.828123999267,0.0,0.0,0,0.0
27,935.6666666666666,9213.828123999267,0.0,0.0,0,0.0
28,935.6666666666666,9213.828123999267,0.0,0.0,0,0.0
29,935.6666666666666,9213.828123999267,0.0,0.0,0,0.0
30,935.6666666666666,9213.828123999267,0.0,0.0,0,0.0
31,935.6666666666666,9213.828123999267,0.0,0.0,0,0.0
32,935.6666666666666,9213.828123999267,0.0,0.0,0,0.0
33,935.6666666666666,9213.828123999267,0.0,0.0,0,0.0
34,935.6666666666666,9213.828123999267,0.0,0.0,0,0.0
35,935.6666666666666,9213.828123999267,0.0,0.0,0,0.0
36,935.6666666666666,9213.828123999267,0.0,0.0,0,0.0
37,935.6666666666666,9213.828123999267,0.0,0.0,0,0.0
38,935.6666666666666,9213.828123999267,0.0,0.0,0,0.0
39,935.6666666666666,9213.828123999267,0.0,0.0,0,0.0
40,935.6666666666666,9213.828123999267,0.0,0.0,0,0.0
41,935.6666666666666,9213.828123999267,0.0,0.0,0,0.0
42,935.6666666666666,9213.828123999267,0.0,0.0,0,0.0
43,935.6666666666666,9213.828123999267,0.0,0.0,0,0.0
44,935.6666666666666,9213.828123999267,0.0,0.0,0,0.0
45,935.6666666666666,9213.828123999267,0.0,0.0,0,0.0
46,935.6666666666666,9213.828123999267,0.0,0.0,0,0.0
47,935.6666666666666,9213.828123999267,0.0,0.0,0,0.0
48,935.6666666666666,9213.828123999267,0.0,0.0,0,0.0
49,935.6666666666666,9213.828123999267,0.0,0.0,0,0.0
50,935.6666666666666,9213.828123999267,0.0,0.0,0,0.0
51,935.6666666666666,9213.828123999267,0.0,0.0,0,0.0
52,935.6666666666666,9213.828123999267,0.0,0.0,0,0.0
53,935.6666666666666,9213.828123999267,0.0,0.0,0,0.0
54,935.6666666666666,9213.828123999267,0.0,0.0,0,0.0
55,935.6666666666666,9213.828123999267,0.0,0.0,0,0.0
56,935.6666666666666,9213.828123999267,0.0,0.0,0,0.0
57,935.6666666666666,9213.828123999267,0.0,0.0,0,0.0
58,935.6666666666666,9213.828123999267,0.0,0.0,0,0.0
59,935.6666666666666,9213.828123999267,0.0,0.0,0,0.0
60,935.6666666666666,9213.828123999267,0.0,0.0,0,0.0
61,935.6666666666666,9213.828123999267,0.0,0.0,0,0.0
62,935.6666666666666,9213.828123999267,0.0,0.0,0,0.0
63,935.6666666666666,9213.828123999267,0.0,0.0,0,0.0
64,935.6666666666666,9213.828123999267,0.0,0.0,0,0.0
65,935.6666666666666,9213.828123999267,0.0,0.0,0,0.0
66,935.6666666666666,9213.828123999267,0.0,0.0,0,0.0
67,935.6666666666666,9213.828123999267,0.0,0.0,0,0.0
68,935.6666666666666,9213.828123999267,0.0,0.0,0,0.0
69,935.6666666666666,9213.828123999267,0.0,0.0,0,0.0
70,935.6666666666666,9213.828123999267,0.0,0.0,0,0.0
71,935.6666666666666,9213.828123999267,0.0,0.0,0,0.0
72,935.6666666666666,9213.828123999267,0.0,0.0,0,0.0
73,935.6666666666666,9213.828123999267,0.0,0.0,0,0.0
74,935.6666666666666,9213.828123999267,0.0,0.0,0,0.0
75,935.6666666666666,9213.828123999267,0.0,0.0,0,0.0
76,935.6666666666666,9213.828123999267,0.0,0.0,0,0.0
77,935.6666666666666,9213.828123999267,0.0,0.0,0,0.0
78,935.6666666666666,9213.828123999267,0.0,0.0,0,0.0
79,935.6666666666666,9213.828123999267,0.0,0.0,0,0.0
80,935.6666666666666,9213.828123999267,0.0,0.0,0,0.0
81,935.6666666666666,9213.828123999267,0.0,0.0,0,0.0
82,935.6666666666666,9213.828123999267,0.0,0.0,0,0.0
83,935.6666666666666,9213.828123999267,0.0,0.0,0,0.0
84,935.6666666666666,9213.828123999267,0.0,0.0,0,0.0
85,935.6666666666666,9213.828123999267,0.0,0.0,0,0.0
86,935.6666666666666,9213.828123999267,0.0,0.0,0,0.0
87,935.6666666666666,9213.828123999267,0.0,0.0,0,0.0
88,935.6666666666666,9213.828123999267,0.0,0.0,0,0.0
89,935.6666666666666,9213.828123999267,0.0,0.0,0,0.0
90,935.6666666666666,9213.828123999267,0.0,0.0,0,0.0
91,935.6666666666666,9213.828123999267,0.0,0.0,0,0.0
92,935.6666666666666,9213.828123999267,0.0,0.0,0,0.0
93,935.6666666666666,9213.828123999267,0.0,0.0,0,0.0
94,935.6666666666666,9213.828123999267,0.0,0.0,0,0.0
95,935.6666666666666,9213.828123999267,0.0,0.0,0,0.0
96,935.6666666666666,9213.828123999267,0.0,0.0,0,0.0
97,935.6666666666666,9213.828123999267,0.0,0.0,0,0.0
98,935.6666666666666,9213.828123999267,0.0,0.0,0,0.0
99,935.6666666666666,9213.828123999267,0.0,0.0,0,0.0
100,935.6666666666666,9213.828123999267,0.0,0.0,0,0.0
101,935.6666666666666,9213.828123999267,0.0,0.0,0,0.0
102,935.6666666666666,9213.828123999267,0.0,0.0,0,0.0
103,935.6666666666666,9213.828123999267,0.0,0.0,0,0.0
104,935.6666666666666,9213.828123999267,0.0,0.0,0,0.0
105,935.6666666666666,9213.828123999267,0.0,0.0,0,0.0
106,935.6666666666666,9213.828123999267,0.0,0.0,0,0.0
107,935.6666666666666,9213.828123999267,0.0,0.0,0,0.0
108,935.6666666666666,9213.828123999267,0.0,0.0,0,0.0
109,935.6666666666666,9213.828123999267,0.0,0.0,0,0.0
110,935.6666666666666,9213.828123999267,0.0,0.0,0,0.0
111,935.6666666666666,9213.828123999267,0.0,0.0,0,0.0
112,935.6666666666666,9213.828123999267,0.0,0.0,0,0.0
113,935.6666666666666,9213.828123999267,0.0,0.0,0,0.0
114,935.6666666666666,9213.828123999267,0.0,0.0,0,0.0
115,935.6666666666666,9213.828123999267,0.0,0.0,0,0.0
116,935.6666666666666,9213.828123999267,0.0,0.0,0,0.0
117,935.6666666666666,9213.828123999267,0.0,0.0,0,0.0
118,935.6666666666666,9213.828123999267,0.0,0.0,0,0.0
119,935.6666666666666,9213.828123999267,0.0,0.0,0,0.0
120,935.6666666666666,9213.828123999267,0.0,0.0,0,0.0
121,935.6666666666666,9213.828123999267,0.0,0.0,0,0.0
122,935.6666666666666,9213.828123999267,0.0,0.0,0,0.0
123,935.6666666666666,9213.828123999267,0.0,0.0,0,0.0
124,935.6666666666666,9213.828123999267,0.0,0.0,0,0.0
125,935.6666666666666,9213.828123999267,0.0,0.0,0,0.0
126,935.6666666666666,9213.828123999267,0.0,0.0,0,0.0
127,935.6666666666666,9213.828123999267,0.0,0.0,0,0.0
128,935.6666666666666,9213.828123999267,0.0,0.0,0,0.0
129,935.6666666666666,9213.828123999267,0.0,0.0,0,0.0
130,935.6666666666666,9213.828123999267,0.0,0.0,0,0.0
131,935.6666666666666,9213.828123999267,0.0,0.0,0,0.0
132,935.6666666666666,9213.828123999267,0.0,0.0,0,0.0
133,935.6666666666666,9213.828123999267,0.0,0.0,0,0.0
134,935.6666666666666,9213.828123999267,0.0,0.0,0,0.0
135,935.6666666666666,9213.828123999267,0.0,0.0,0,0.0
136,935.6666666666666,9213.828123999267,0.0,0.0,0,0.0
137,935.6666666666666,9213.828123999267,0.0,0.0,0,0.0
138,935.6666666666666,9213.828123999267,0.0,0.0,0,0.0
139,935.6666666666666,9213.828123999267,0.0,0.0,0,0.0
140,935.6666666666666,9213.828123999267,0.0,0.0,0,0.0
141,935.6666666666666,9213.828123999267,0.0,0.0,0,0.0
142,935.6666666666666,9213.828123999267,0.0,0.0,0,0.0
143,935.6666666666666,9213.828123999267,0.0,0.0,0,0.0
144,935.6666666666666,9213.828123999267,0.0,0.0,0,0.0
145,935.6666666666666,9213.828123999267,0.0,0.0,0,0.0
146,935.6666666666666,9213.828123999267,0.0,0.0,0,0.0
147,935.6666666666666,9213.828123999267,0.0,0.0,0,0.0
148,935.6666666666666,9213.828123999267,0.0,0.0,0,0.0
149,935.6666666666666,9213.828123999267,0.0,0.0,0,0.0
150,935.6666666666666,9213.828123999267,0.0,0.0,0,0.0
151,935.6666666666666,9213.828123999267,0.0,0.0,0,0.0
152,935.6666666666666,9213.828123999267,0.0,0.0,0,0.0
153,935.6666666666666,9213.828123999267,0.0,0.0,0,0.0
154,935.6666666666666,9213.828123999267,0.0,0.0,0,0.0
155,935.6666666666666,9213.828123999267,0.0,0.0,0,0.0
156,935.6666666666666,9213.828123999267,0.0,0.0,0,0.0
157,935.6666666666666,9213.828123999267,0.0,0.0,0,0.0
158,935.6666666666666,9213.828123999267,0.0,0.0,0,0.0
159,935.6666666666666,9213.828123999267,0.0,0.0,0,0.0
160,935.6666666666666,9213.828123999267,0.0,0.0,0,0.0
161,935.6666666666666,9213.828123999267,0.0,0.0,0,0.0
162,935.6666666666666,9213.828123999267,0.0,0.0,0,0.0
163,935.6666666666666,9213.828123999267,0.0,0.0,0,0.0
164,935.6666666666666,9213.828123999267,0.0,0.0,0,0.0
165,935.6666666666666,9213.828123999267,0.0,0.0,0,0.0
166,935.6666666666666,9213.828123999267,0.0,0.0,0,0.0
167,935.6666666666666,9213.828123999267,0.0,0.0,0,0.0
168,935.6666666666666,9213.828123999267,0.0,0.0,0,0.0
169,935.6666666666666,9213.828123999267,0.0,0.0,0,0.0
170,935.6666666666666,9213.828123999267,0.0,0.0,0,0.0
171,935.6666666666666,9213.828123999267,0.0,0.0,0,0.0
172,935.6666666666666,9213.828123999267,0.0,0.0,0,0.0
173,935.6666666666666,9213.828123999267,0.0,0.0,0,0.0
174,935.6666666666666,9213.828123999267,0.0,0.0,0,0.0
175,935.6666666666666,9213.828123999267,0.0,0.0,0,0.0
176,935.6666666666666,9213.828123999267,0.0,0.0,0,0.0
177,935.6666666666666,9213.828123999267,0.0,0.0,0,0.0
178,935.6666666666666,9213.828123999267,0.0,0.0,0,0.0
179,935.6666666666666,9213.828123999267,0.0,0.0,0,0.0
180,935.6666666666666,9213.828123999267,0.0,0.0,0,0.0
181,935.6666666666666,9213.828123999267,0.0,0.0,0,0.0
182,935.6666666666666,9213.828123999267,0.0,0.0,0,0.0
183,935.6666666666666,9213.828123999267,0.0,0.0,0,0.0
184,935.6666666666666,9213.828123999267,0.0,0.0,0,0.0
185,935.6666666666666,9213.828123999267,0.0,0.0,0,0.0
186,935.6666666666666,9213.828123999267,0.0,0.0,0,0.0
187,935.6666666666666,9213.828123999267,0.0,0.0,0,0.0
188,935.6666666666666,9213.828123999267,0.0,0.0,0,0.0
189,935.6666666666666,9213.828123999267,0.0,0.0,0,0.0
190,935.6666666666666,9213.828123999267,0.0,0.0,0,0.0
191,935.6666666666666,9213.828123999267,0.0,0.0,0,0.0
192,935.6666666666666,9213.828123999267,0.0,0.0,0,0.0
193,935.6666666666666,9213.828123999267,0.0,0.0,0,0.0
194,935.6666666666666,9213.828123999267,0.0,0.0,0,0.0
195,935.6666666666666,9213.828123999267,0.0,0.0,0,0.0
196,935.6666666666666,9213.828123999267,0.0,0.0,0,0.0
197,935.6666666666666,9213.828123999267,0.0,0.0,0,0.0
198,935.6666666666666,9213.828123999267,0.0,0.0,0,0.0
199,935.6666666666666,9213.828123999267,0.0,0.0,0,0.0
200,935.6666666666666,9213.828123999267,0.0,0.0,0,0.0
201,935.6666666666666,9213.828123999267,0.0,0.0,0,0.0
202,935.6666666666666,9213.828123999267,0.0,0.0,0,0.0
203,935.6666666666666,9213.828123999267,0.0,0.0,0,0.0
204,935.6666666666666,9213.828123999267,0.0,0.0,0,0.0
205,935.6666666666666,9213.828123999267,0.0,0.0,0,0.0
206,935.6666666666666,9213.828123999267,0.0,0.0,0,0.0
207,935.6666666666666,9213.828123999267,0.0,0.0,0,0.0
208,935.6666666666666,9213.828123999267,0.0,0.0,0,0.0
209,935.6666666666666,9213.828123999267,0.0,0.0,0,0.0
210,935.6666666666666,9213.828123999267,0.0,0.0,0,0.0
211,935.6666666666666,9213.828123999267,0.0,0.0,0,0.0
212,935.6666666666666,9213.828123999267,0.0,0.0,0,0.0
213,935.6666666666666,9213.828123999267,0.0,0.0,0,0.0
214,935.6666666666666,9213.828123999267,0.0,0.0,0,0.0
215,935.6666666666666,9213.828123999267,0.0,0.0,0,0.0
216,935.6666666666666,9213.828123999267,0.0,0.0,0,0.0
217,935.6666666666666,9213.828123999267,0.0,0.0,0,0.0
218,935.6666666666666,9213.828123999267,0.0,0.0,0,0.0
219,935.6666666666666,9213.828123999267,0.0,0.0,0,0.0
220,935.6666666666666,9213.828123999267,0.0,0.0,0,0.0
221,935.6666666666666,9213.828123999267,0.0,0.0,0,0.0
222,935.6666666666666,9213.828123999267,0.0,0.0,0,0.0
223,935.6666666666666,9213.828123999267,0.0,0.0,0,0.0
224,935.6666666666666,9213.828123999267,0.0,0.0,0,0.0
225,935.6666666666666,9213.828123999267,0.0,0.0,0,0.0
226,935.6666666666666,9213.828123999267,0.0,0.0,0,0.0
227,935.6666666666666,9213.828123999267,0.0,0.0,0,0.0
228,935.6666666666666,9213.828123999267,0.0,0.0,0,0.0
229,935.6666666666666,9213.828123999267,0.0,0.0,0,0.0
230,935.6666666666666,9213.828123999267,0.0,0.0,0,0.0
231,935.6666666666666,9213.828123999267,0.0,0.0,0,0.0
232,935.6666666666666,9213.828123999267,0.0,0.0,0,0.0
233,935.6666666666666,9213.828123999267,0.0,0.0,0,0.0
234,935.6666666666666,9213.828123999267,0.0,0.0,0,0.0
235,935.6666666666666,9213.828123999267,0.0,0.0,0,0.0
236,935.6666666666666,9213.828123999267,0.0,0.0,0,0.0
237,935.6666666666666,9213.828123999267,0.0,0.0,0,0.0
238,935.6666666666666,9213.828123999267,0.0,0.0,0,0.0
239,935.6666666666666,9213.828123999267,0.0,0.0,0,0.0
240,935.6666666666666,9213.828123999267,0.0,0.0,0,0.0
241,935.6666666666666,9213.828123999267,0.0,0.0,0,0.0
242,935.6666666666666,9213.828123999267,0.0,0.0,0,0.0
243,935.6666666666666,9213.828123999267,0.0,0.0,0,0.0
244,935.6666666666666,9213.828123999267,0.0,0.0,0,0.0
245,935.6666666666666,9213.828123999267,0.0,0.0,0,0.0
246,935.6666666666666,9213.828123999267,0.0,0.0,0,0.0
247,935.6666666666666,9213.828123999267,0.0,0.0,0,0.0
248,935.6666666666666,9213.828123999267,0.0,0.0,0,0.0
249,935.6666666666666,9213.828123999267,0.0,0.0,0,0.0
250,935.6666666666666,9213.828123999267,0.0,0.0,0,0.0
251,935.6666666666666,9213.828123999267,0.0,0.0,0,0.0
252,935.6666666666666,9213.828123999267,0.0,0.0,0,0.0
253,935.6666666666666,9213.828123999267,0.0,0.0,0,0.0
254,935.6666666666666,9213.828123999267,0.0,0.0,0,0.0
255,935.6666666666666,9213.828123999267,0.0,0.0,0,0.0
256,935.6666666666666,9213.828123999267,0.0,0.0,0,0.0
257,935.6666666666666,9213.828123999267,0.0,0.0,0,0.0
258,935.6666666666666,9213.828123999267,0.0,0.0,0,0.0
259,935.6666666666666,9213.828123999267,0.0,0.0,0,0.0
260,935.6666666666666,9213.828123999267,0.0,0.0,0,0.0
261,935.6666666666666,9213.828123999267,0.0,0.0,0,0.0
262,935.6666666666666,9213.828123999267,0.0,0.0,0,0.0
263,935.6666666666666,9213.828123999267,0.0,0.0,0,0.0
264,935.6666666666666,9213.828123999267,0.0,0.0,0,0.0
265,935.6666666666666,9213.828123999267,0.0,0.0,0,0.0
266,935.6666666666666,9213.828123999267,0.0,0.0,0,0.0
267,935.6666666666666,9213.828123999267,0.0,0.0,0,0.0
268,935.6666666666666,9213.828123999267,0.0,0.0,0,0.0
269,935.6666666666666,9213.828123999267,0.0,0.0,0,0.0
270,935.6666666666666,9213.828123999267,0.0,0.0,0,0.0
271,935.6666666666666,9213.828123999267,0.0,0.0,0,0.0
272,935.6666666666666,9213.828123999267,0.0,0.0,0,0.0
273,935.6666666666666,9213.828123999267,0.0,0.0,0,0.0
274,935.6666666666666,9213.828123999267,0.0,0.0,0,0.0
275,935.6666666666666,9213.828123999267,0.0,0.0,0,0.0
276,935.6666666666666,9213.828123999267,0.0,0.0,0,0.0
277,935.6666666666666,9213.828123999267,0.0,0.0,0,0.0
278,935.6666666666666,9213.828123999267,0.0,0.0,0,0.0
279,935.6666666666666,9213.828123999267,0.0,0.0,0,0.0
280,935.6666666666666,9213.828123999267,0.0,0.0,0,0.0
281,935.6666666666666,9213.828123999267,0.0,0.0,0,0.0
282,935.6666666666666,9213.828123999267,0.0,0.0,0,0.0
283,935.6666666666666,9213.828123999267,0.0,0.0,0,0.0
284,935.6666666666666,9213.828123999267,0.0,0.0,0,0.0
285,935.6666666666666,9213.828123999267,0.0,0.0,0,0.0
286,935.6666666666666,9213.828123999267,0.0,0.0,0,0.0
287,935.6666666666666,9213.828123999267,0.0,0.0,0,0.0
288,935.6666666666666,9213.828123999267,0.0,0.0,0,0.0
289,935.6666666666666,9213.828123999267,0.0,0.0,0,0.0
290,935.6666666666666,9213.828123999267,0.0,0.0,0,0.0
291,935.6666666666666,9213.828123999267,0.0,0.0,0,0.0
292,935.6666666666666,9213.828123999267,0.0,0.0,0,0.0
293,935.6666666666666,9213.828123999267,0.0,0.0,0,0.0
294,935.6666666666666,9213.828123999267,0.0,0.0,0,0.0
295,935.6666666666666,9213.828123999267,0.0,0.0,0,0.0
296,935.6666666666666,9213.828123999267,0.0,0.0,0,0.0
297,935.6666666666666,9213.828123999267,0.0,0.0,0,0.0
298,935.6666666666666,9213.828123999267,0.0,0.0,0,0.0
299,935.6666666666666,9213.828123999267,0.0,0.0,0,0.0
300,935.6666666666666,9213.828123999267,0.0,0.0,0,0.0
301,935.6666666666666,9213.828123999267,0.0,0.0,0,0.0
302,935.6666666666666,9213.828123999267,0.0,0.0,0,0.0
303,935.6666666666666,9213.828123999267,0.0,0.0,0,0.0
304,935.6666666666666,9213.828123999267,0.0,0.0,0,0.0
305,935.6666666666666,9213.828123999267,0.0,0.0,0,0.0
306,935.6666666666666,9213.828123999267,0.0,0.0,0,0.0
307,935.6666666666666,9213.828123999267,0.0,0.0,0,0.0
308,935.6666666666666,9213.828123999267,0.0,0.0,0,0.0
309,935.6666666666666,9213.828123999267,0.0,0.0,0,0.0
310,935.6666666666666,9213.828123999267,0.0,0.0,0,0.0
311,935.6666666666666,9213.828123999267,0.0,0.0,0,0.0
312,935.6666666666666,9213.828123999267,0.0,0.0,0,0.0
313,935.6666666666666,9213.828123999267,0.0,0.0,0,0.0
314,935.6666666666666,9213.828123999267,0.0,0.0,0,0.0
315,935.6666666666666,9213.828123999267,0.0,0.0,0,0.0
316,935.6666666666666,9213.828123999267,0.0,0.0,0,0.0
317,935.6666666666666,9213.828123999267,0.0,0.0,0,0.0
318,935.6666666666666,9213.828123999267,0.0,0.0,0,0.0
319,935.6666666666666,9213.828123999267,0.0,0.0,0,0.0
320,935.6666666666666,9213.828123999267,0.0,0.0,0,0.0
321,935.6666666666666,9213.828123999267,0.0,0.0,0,0.0
322,935.6666666666666,9213.828123999267,0.0,0.0,0,0.0
323,935.6666666666666,9213.828123999267,0.0,0.0,0,0.0
324,935.6666666666666,9213.828123999267,0.0,0.0,0,0.0
325,935.6666666666666,9213.828123999267,0.0,0.0,0,0.0
326,935.6666666666666,9213.828123999267,0.0,0.0,0,0.0
327,935.6666666666666,9213.828123999267,0.0,0.0,0,0.0
328,935.6666666666666,9213.828123999267,0.0,0.0,0,0.0
329,935.6666666666666,9213.828123999267,0.0,0.0,0,0.0
330,935.6666666666666,9213.828123999267,0.0,0.0,0,0.0
331,935.6666666666666,9213.828123999267,0.0,0.0,0,0.0
332,935.6666666666666,9213.828123999267,0.0,0.0,0,0.0
333,935.6666666666666,9213.828123999267,0.0,0.0,0,0.0
334,935.6666666666666,9213.828123999267,0.0,0.0,0,0.0
335,935.6666666666666,9213.828123999267,0.0,0.0,0,0.0
336,935.6666666666666,9213.828123999267,0.0,0.0,0,0.0
337,935.6666666666666,9213.828123999267,0.0,0.0,0,0.0
338,935.6666666666666,9213.828123999267,0.0,0.0,0,0.0
339,935.6666666666666,9213.828123999267,0.0,0.0,0,0.0
340,935.6666666666666,9213.828123999267,0.0,0.0,0,0.0
341,935.6666666666666,9213.828123999267,0.0,0.0,0,0.0
342,935.6666666666666,9213.828123999267,0.0,0.0,0,0.0
343,935.6666666666666,9213.828123999267,0.0,0.0,0,0.0
344,935.6666666666666,9213.828123999267,0.0,0.0,0,0.0
345,935.6666666666666,9213.828123999267,0.0,0.0,0,0.0
346,935.6666666666666,9213.828123999267,0.0,0.0,0,0.0
347,935.6666666666666,9213.828123999267,0.0,0.0,0,0.0
348,935.6666666666666,9213.828123999267,0.0,0.0,0,0.0
349,935.6666666666666,9213.828123999267,0.0,0.0,0,0.0
350,935.6666666666666,9213.828123999267,0.0,0.0,0,0.0
351,935.6666666666666,9213.828123999267,0.0,0.0,0,0.0
352,935.6666666666666,9213.828123999267,0.0,0.0,0,0.0
353,935.6666666666666,9213.828123999267,0.0,0.0,0,0.0
354,935.6666666666666,9213.828123999267,0.0,0.0,0,0.0
355,935.6666666666666,9213.828123999267,0.0,0.0,0,0.0
356,935.6666666666666,9213.828123999267,0.0,0.0,0,0.0
357,935.6666666666666,9213.828123999267,0.0,0.0,0,0.0
358,935.6666666666666,9213.828123999267,0.0,0.0,0,0.0
359,935.6666666666666,9213.828123999267,0.0,0.0,0,0.0
360,935.6666666666666,9213.828123999267,0.0,0.0,0,0.0
361,935.6666666666666,9213.828123999267,0.0,0.0,0,0.0
362,935.6666666666666,9213.828123999267,0.0,0.0,0,0.0
363,935.6666666666666,9213.828123999267,0.0,0.0,0,0.0
364,935.6666666666666,9213.828123999267,0.0,0.0,0,0.0
365,935.6666666666666,9213.828123999267,0.0,0.0,0,0.0
366,935.6666666666666,9213.828123999267,0.0,0.0,0,0.0
367,935.6666666666666,9213.828123999267,0.0,0.0,0,0.0
368,935.6666666666666,9213.828123999267,0.0,0.0,0,0.0
369,935.6666666666666,9213.828123999267,0.0,0.0,0,0.0
370,935.6666666666666,9213.828123999267,0.0,0.0,0,0.0
371,935.6666666666666,9213.828123999267,0.0,0.0,0,0.0
372,935.6666666666666,9213.828123999267,0.0,0.0,0,0.0
373,935.6666666666666,9213.828123999267,0.0,0.0,0,0.0
374,935.6666666666666,9213.828123999267,0.0,0.0,0,0.0
375,935.6666666666666,9213.828123999267,0.0,0.0,0,0.0
376,935.6666666666666,9213.828123999267,0.0,0.0,0,0.0
377,935.6666666666666,9213.828123999267,0.0,0.0,0,0.0
378,935.6666666666666,9213.828123999267,0.0,0.0,0,0.0
379,935.6666666666666,9213.828123999267,0.0,0.0,0,0.0
380,935.6666666666666,9213.828123999267,0.0,0.0,0,0.0
381,935.6666666666666,9213.828123999267,0.0,0.0,0,0.0
382,935.6666666666666,9213.828123999267,0.0,0.0,0,0.0
383,935.6666666666666,9213.828123999267,0.0,0.0,0,0.0
384,935.6666666666666,9213.828123999267,0.0,0.0,0,0.0
385,935.6666666666666,9213.828123999267,0.0,0.0,0,0.0
386,935.6666666666666,9213.828123999267,0.0,0.0,0,0.0
387,935.6666666666666,9213.828123999267,0.0,0.0,0,0.0
388,935.6666666666666,9213.828123999267,0.0,0.0,0,0.0
389,935.6666666666666,9213.828123999267,0.0,0.0,0,0.0
390,935.6666666666666,9213.828123999267,0.0,0.0,0,0.0
391,935.6666666666666,9213.828123999267,0.0,0.0,0,0.0
392,935.6666666666666,9213.828123999267,0.0,0.0,0,0.0
393,935.6666666666666,9213.828123999267,0.0,0.0,0,0.0
394,935.6666666666666,9213.828123999267,0.0,0.0,0,0.0
395,935.6666666666666,9213.828123999267,0.0,0.0,0,0.0
396,935.6666666666666,9213.828123999267,0.0,0.0,0,0.0
397,935.6666666666666,9213.828123999267,0.0,0.0,0,0.0
398,935.6666666666666,9213.828123999267,0.0,0.0,0,0.0
399,935.6666666666666,9213.828123999267,0.0,0.0,0,0.0
400,935.6666666666666,9213.828123999267,0.0,0.0,0,0.0
401,935.6666666666666,9213.828123999267,0.0,0.0,0,0.0
402,935.6666666666666,9213.828123999267,0.0,0.0,0,0.0
403,935.6666666666666,9213.828123999267,0.0,0.0,0,0.0
404,935.6666666666666,9213.828123999267,0.0,0.0,0,0.0
405,935.6666666666666,9213.828123999267,0.0,0.0,0,0.0
406,935.6666666666666,9213.828123999267,0.0,0.0,0,0.0
407,935.6666666666666,9213.828123999267,0.0,0.0,0,0.0
408,935.6666666666666,9213.828123999267,0.0,0.0,0,0.0
409,935.6666666666666,9213.828123999267,0.0,0.0,0,0.0
410,935.6666666666666,9213.828123999267,0.0,0.0,0,0.0
411,935.6666666666666,9213.828123999267,0.0,0.0,0,0.0
412,935.6666666666666,9213.828123999267,0.0,0.0,0,0.0
413,935.6666666666666,9213.828123999267,0.0,0.0,0,0.0
414,935.6666666666666,9213.828123999267,0.0,0.0,0,0.0
415,935.6666666666666,9213.828123999267,0.0,0.0,0,0.0
416,935.6666666666666,9213.828123999267,0.0,0.0,0,0.0
417,935.6666666666666,9213.828123999267,0.0,0.0,0,0.0
418,935.6666666666666,9213.828123999267,0.0,0.0,0,0.0
419,935.6666666666666,9213.828123999267,0.0,0.0,0,0.0
420,935.6666666666666,9213.828123999267,0.0,0.0,0,0.0
421,935.6666666666666,9213.828123999267,0.0,0.0,0,0.0
422,935.6666666666666,9213.828123999267,0.0,0.0,0,0.0
423,935.6666666666666,9213.828123999267,0.0,0.0,0,0.0
424,935.6666666666666,9213.828123999267,0.0,0.0,0,0.0
425,935.6666666666666,9213.828123999267,0.0,0.0,0,0.0
426,935.6666666666666,9213.828123999267,0.0,0.0,0,0.0
427,935.6666666666666,9213.828123999267,0.0,0.0,0,0.0
428,935.6666666666666,9213.828123999267,0.0,0.0,0,0.0
429,935.6666666666666,9213.828123999267,0.0,0.0,0,0.0
430,935.6666666666666,9213.828123999267,0.0,0.0,0,0.0
431,935.6666666666666,9213.828123999267,0.0,0.0,0,0.0
432,935.6666666666666,9213.828123999267,0.0,0.0,0,0.0
433,935.6666666666666,9213.828123999267,0.0,0.0,0,0.0
434,935.6666666666666,9213.828123999267,0.0,0.0,0,0.0
435,935.6666666666666,9213.828123999267,0.0,0.0,0,0.0
436,935.6666666666666,9213.828123999267,0.0,0.0,0,0.0
437,935.6666666666666,9213.828123999267,0.0,0.0,0,0.0
438,935.6666666666666,9213.828123999267,0.0,0.0,0,0.0
439,935.6666666666666,9213.828123999267,0.0,0.0,0,0.0
440,935.6666666666666,9213.828123999267,0.0,0.0,0,0.0
441,935.6666666666666,9213.828123999267,0.0,0.0,0,0.0
442,935.6666666666666,9213.828123999267,0.0,0.0,0,0.0
443,935.6666666666666,9213.828123999267,0.0,0.0,0,0.0
444,935.6666666666666,9213.828123999267,0.0,0.0,0,0.0
445,935.6666666666666,9213.828123999267,0.0,0.0,0,0.0
446,935.6666666666666,9213.828123999267,0.0,0.0,0,0.0
447,935.6666666666666,9213.828123999267,0.0,0.0,0,0.0
448,935.6666666666666,9213.828123999267,0.0,0.0,0,0.0
449,935.6666666666666,9213.828123999267,0.0,0.0,0,0.0
450,935.6666666666666,9213.828123999267,0.0,0.0,0,0.0
451,935.6666666666666,9213.828123999267,0.0,0.0,0,0.0
452,935.6666666666666,9213.828123999267,0.0,0.0,0,0.0
453,935.6666666666666,9213.828123999267,0.0,0.0,0,0.0
454,935.6666666666666,9213.828123999267,0.0,0.0,0,0.0
455,935.6666666666666,9213.828123999267,0.0,0.0,0,0.0
456,935.6666666666666,9213.828123999267,0.0,0.0,0,0.0
457,935.6666666666666,9213.828123999267,0.0,0.0,0,0.0
458,935.6666666666666,9213.828123999267,0.0,0.0,0,0.0
459,935.6666666666666,9213.828123999267,0.0,0.0,0,0.0
460,935.6666666666666,9213.828123999267,0.0,0.0,0,0.0
461,935.6666666666666,9213.828123999267,0.0,0.0,0,0.0
462,935.6666666666666,9213.828123999267,0.0,0.0,0,0.0
463,935.6666666666666,9213.828123999267,0.0,0.0,0,0.0
464,935.6666666666666,9213.828123999267,0.0,0.0,0,0.0
465,935.6666666666666,9213.828123999267,0.0,0.0,0,0.0
466,935.6666666666666,9213.828123999267,0.0,0.0,0,0.0
467,935.6666666666666,9213.828123999267,0.0,0.0,0,0.0
468,935.6666666666666,9213.828123999267,0.0,0.0,0,0.0
469,935.6666666666666,9213.828123999267,0.0,0.0,0,0.0
470,935.6666666666666,9213.828123999267,0.0,0.0,0,0.0
471,935.6666666666666,9213.828123999267,0.0,0.0,0,0.0
472,935.6666666666666,9213.828123999267,0.0,0.0,0,0.0
473,935.6666666666666,9213.828123999267,0.0,0.0,0,0.0
474,935.6666666666666,9213.828123999267,0.0,0.0,0,0.0
475,935.6666666666666,9213.828123999267,0.0,0.0,0,0.0
476,935.6666666666666,9213.828123999267,0.0,0.0,0,0.0
477,935.6666666666666,9213.828123999267,0.0,0.0,0,0.0
478,935.6666666666666,9213.828123999267,0.0,0.0,0,0.0
479,935.6666666666666,9213.828123999267,0.0,0.0,0,0.0
480,935.6666666666666,9213.828123999267,0.0,0.0,0,0.0
481,935.6666666666666,9213.828123999267,0.0,0.0,0,0.0
482,935.6666666666666,9213.828123999267,0.0,0.0,0,0.0
483,935.6666666666666,9213.828123999267,0.0,0.0,0,0.0
484,935.6666666666666,9213.828123999267,0.0,0.0,0,0.0
485,935.6666666666666,9213.828123999267,0.0,0.0,0,0.0
486,935.6666666666666,9213.828123999267,0.0,0.0,0,0.0
487,935.6666666666666,9213.828123999267,0.0,0.0,0,0.0
488,935.6666666666666,9213.828123999267,0.0,0.0,0,0.0
489,935.6666666666666,9213.828123999267,0.0,0.0,0,0.0
490,935.6666666666666,9213.828123999267,0.0,0.0,0,0.0
491,935.6666666666666,9213.828123999267,0.0,0.0,0,0.0
492,935.6666666666666,9213.828123999267,0.0,0.0,0,0.0
493,935.6666666666666,9213.828123999267,0.0,0.0,0,0.0
494,935.6666666666666,9213.828123999267,0.0,0.0,0,0.0
495,935.6666666666666,9213.828123999267,0.0,0.0,0,0.0
496,935.6666666666666,9213.828123999267,0.0,0.0,0,0.0
497,935.6666666666666,9213.828123999267,0.0,0.0,0,0.0
498,935.6666666666666,9213.828123999267,0.0,0.0,0,0.0
499,935.6666666666666,9213.828123999267,0.0,0.0,0,0.0
500,935.6666666666666,9213.828123999267,0.0,0.0,0,0.0
501,935.6666666666666,9213.828123999267,0.0,0.0,0,0.0
502,935.6666666666666,9213.828123999267,0.0,0.0,0,0.0
503,935.6666666666666,9213.828123999267,0.0,0.0,0,0.0
504,935.6666666666666,9213.828123999267,0.0,0.0,0,0.0
505,935.6666666666666,9213.828123999267,0.0,0.0,0,0.0
506,935.6666666666666,9213.828123999267,0.0,0.0,0,0.0
507,935.6666666666666,9213.828123999267,0.0,0.0,0,0.0
508,935.6666666666666,9213.828123999267,0.0,0.0,0,0.0
509,935.6666666666666,9213.828123999267,0.0,0.0,0,0.0
510,935.6666666666666,9213.828123999267,0.0,0.0,0,0.0
511,935.6666666666666,9213.828123999267,0.0,0.0,0,0.0
512,935.6666666666666,9213.828123999267,0.0,0.0,0,0.0
513,935.6666666666666,9213.828123999267,0.0,0.0,0,0.0
514,935.6666666666666,9213.828123999267,0.0,0.0,0,0.0
515,935.6666666666666,9213.828123999267,0.0,0.0,0,0.0
516,935.6666666666666,9213.828123999267,0.0,0.0,0,0.0
517,935.6666666666666,9213.828123999267,0.0,0.0,0,0.0
518,935.6666666666666,9213.828123999267,0.0,0.0,0,0.0
519,935.6666666666666,9213.828123999267,0.0,0.0,0,0.0
520,935.6666666666666,9213.828123999267,0.0,0.0,0,0.0
521,935.6666666666666,9213.828123999267,0.0,0.0,0,0.0
522,935.6666666666666,9213.828123999267,0.0,0.0,0,0.0
523,935.6666666666666,9213.828123999267,0.0,0.0,0,0.0
524,935.6666666666666,9213.828123999267,0.0,0.0,0,0.0
525,935.6666666666666,9213.828123999267,0.0,0.0,0,0.0
526,935.6666666666666,9213.828123999267,0.0,0.0,0,0.0
527,935.6666666666666,9213.828123999267,0.0,0.0,0,0.0
528,935.6666666666666,9213.828123999267,0.0,0.0,0,0.0
529,935.6666666666666,9213.828123999267,0.0,0.0,0,0.0
530,935.6666666666666,9213.828123999267,0.0,0.0,0,0.0
531,935.6666666666666,9213.828123999267,0.0,0.0,0,0.0
532,935.6666666666666,9213.828123999267,0.0,0.0,0,0.0
533,935.6666666666666,9213.828123999267,0.0,0.0,0,0.0
534,935.6666666666666,9213.828123999267,0.0,0.0,0,0.0
535,935.6666666666666,9213.828123999267,0.0,0.0,0,0.0
536,935.6666666666666,9213.828123999267,0.0,0.0,0,0.0
537,935.6666666666666,9213.828123999267,0.0,0.0,0,0.0
538,935.6666666666666,9213.828123999267,0.0,0.0,0,0.0
539,935.6666666666666,9213.828123999267,0.0,0.0,0,0.0
540,935.6666666666666,9213.828123999267,0.0,0.0,0,0.0
541,935.6666666666666,9213.828123999267,0.0,0.0,0,0.0
542,935.6666666666666,9213.828123999267,0.0,0.0,0,0.0
543,935.6666666666666,9213.828123999267,0.0,0.0,0,0.0
544,935.6666666666666,9213.828123999267,0.0,0.0,0,0.0
545,935.6666666666666,9213.828123999267,0.0,0.0,0,0.0
546,935.6666666666666,9213.828123999267,0.0,0.0,0,0.0
547,935.6666666666666,9213.828123999267,0.0,0.0,0,0.0
548,935.6666666666666,9213.828123999267,0.0,0.0,0,0.0
549,935.6666666666666,9213.828123999267,0.0,0.0,0,0.0
550,935.6666666666666,9213.828123999267,0.0,0.0,0,0.0
551,935.6666666666666,9213.828123999267,0.0,0.0,0,0.0
552,935.6666666666666,9213.828123999267,0.0,0.0,0,0.0
553,935.6666666666666,9213.828123999267,0.0,0.0,0,0.0
554,935.6666666666666,9213.828123999267,0.0,0.0,0,0.0
555,935.6666666666666,9213.828123999267,0.0,0.0,0,0.0
556,935.6666666666666,9213.828123999267,0.0,0.0,0,0.0
557,935.6666666666666,9213.828123999267,0.0,0.0,0,0.0
558,935.6666666666666,9213.828123999267,0.0,0.0,0,0.0
559,935.6666666666666,9213.828123999267,0.0,0.0,0,0.0
560,935.6666666666666,9213.828123999267,0.0,0.0,0,0.0
561,935.6666666666666,9213.828123999267,0.0,0.0,0,0.0
562,935.6666666666666,9213.828123999267,0.0,0.0,0,0.0
563,935.6666666666666,9213.828123999267,0.0,0.0,0,0.0
564,935.6666666666666,9213.828123999267,0.0,0.0,0,0.0
565,935.6666666666666,9213.828123999267,0.0,0.0,0,0.0
566,935.6666666666666,9213.828123999267,0.0,0.0,0,0.0
567,935.6666666666666,9213.828123999267,0.0,0.0,0,0.0
568,935.6666666666666,9213.828123999267,0.0,0.0,0,0.0
569,935.6666666666666,9213.828123999267,0.0,0.0,0,0.0
570,935.6666666666666,9213.828123999267,0.0,0.0,0,0.0
571,935.6666666666666,9213.828123999267,0.0,0.0,0,0.0
572,935.6666666666666,9213.828123999267,0.0,0.0,0,0.0
573,935.6666666666666,9213.828123999267,0.0,0.0,0,0.0
574,935.6666666666666,9213.828123999267,0.0,0.0,0,0.0
575,935.6666666666666,9213.828123999267,0.0,0.0,0,0.0
576,935.6666666666666,9213.828123999267,0.0,0.0,0,0.0
577,935.6666666666666,9213.828123999267,0.0,0.0,0,0.0
578,935.6666666666666,9213.828123999267,0.0,0.0,0,0.0
579,935.6666666666666,9213.828123999267,0.0,0.0,0,0.0
580,935.6666666666666,9213.828123999267,0.0,0.0,0,0.0
581,935.6666666666666,9213.828123999267,0.0,0.0,0,0.0
582,935.6666666666666,9213.828123999267,0.0,0.0,0,0.0
583,935.6666666666666,9213.828123999267,0.0,0.0,0,0.0
584,935.6666666666666,9213.828123999267,0.0,0.0,0,0.0
585,935.6666666666666,9213.828123999267,0.0,0.0,0,0.0
586,935.6666666666666,9213.828123999267,0.0,0.0,0,0.0
587,935.6666666666666,9213.828123999267,0.0,0.0,0,0.0
588,935.6666666666666,9213.828123999267,0.0,0.0,0,0.0
589,935.6666666666666,9213.828123999267,0.0,0.0,0,0.0
590,935.6666666666666,9213.828123999267,0.0,0.0,0,0.0
591,935.6666666666666,9213.828123999267,0.0,0.0,0,0.0
592,935.6666666666666,9213.828123999267,0.0,0.0,0,0.0
593,935.6666666666666,9213.828123999267,0.0,0.0,0,0.0
594,935.6666666666666,9213.828123999267,0.0,0.0,0,0.0
595,935.6666666666666,9213.828123999267,0.0,0.0,0,0.0
596,935.6666666666666,9213.828123999267,0.0,0.0,0,0.0
597,935.6666666666666,9213.828123999267,0.0,0.0,0,0.0
598,935.6666666666666,9213.828123999267,0.0,0.0,0,0.0
599,935.6666666666666,9213.828123999267,0.0,0.0,0,0.0
600,935.6666666666666,9213.828123999267,0.0,0.0,0,0.0
601,935.6666666666666,9213.828123999267,0.0,0.0,0,0.0
602,935.6666666666666,9213.828123999267,0.0,0.0,0,0.0
603,935.6666666666666,9213.828123999267,0.0,0.0,0,0.0
604,935.6666666666666,9213.828123999267,0.0,0.0,0,0.0
605,935.6666666666666,9213.828123999267,0.0,0.0,0,0.0
606,935.6666666666666,9213.828123999267,0.0,0.0,0,0.0
607,935.6666666666666,9213.828123999267,0.0,0.0,0,0.0
608,935.6666666666666,9213.828123999267,0.0,0.0,0,0.0
609,935.6666666666666,9213.828123999267,0.0,0.0,0,0.0
610,935.6666666666666,9213.828123999267,0.0,0.0,0,0.0
611,935.6666666666666,9213.828123999267,0.0,0.0,0,0.0
612,935.6666666666666,9213.828123999267,0.0,0.0,0,0.0
613,935.6666666666666,9213.828123999267,0.0,0.0,0,0.0
614,935.6666666666666,9213.828123999267,0.0,0.0,0,0.0
615,935.6666666666666,9213.828123999267,0.0,0.0,0,0.0
616,935.6666666666666,9213.828123999267,0.0,0.0,0,0.0
617,935.6666666666666,9213.828123999267,0.0,0.0,0,0.0
618,935.6666666666666,9213.828123999267,0.0,0.0,0,0.0
619,935.6666666666666,9213.828123999267,0.0,0.0,0,0.0
620,935.6666666666666,9213.828123999267,0.0,0.0,0,0.0
621,935.6666666666666,9213.828123999267,0.0,0.0,0,0.0
622,935.6666666666666,9213.828123999267,0.0,0.0,0,0.0
623,935.6666666666666,9213.828123999267,0.0,0.0,0,0.0
624,935.6666666666666,9213.828123999267,0.0,0.0,0,0.0
625,935.6666666666666,9213.828123999267,0.0,0.0,0,0.0
626,935.6666666666666,9213.828123999267,0.0,0.0,0,0.0
627,935.6666666666666,9213.828123999267,0.0,0.0,0,0.0
628,935.6666666666666,9213.828123999267,0.0,0.0,0,0.0
629,935.6666666666666,9213.828123999267,0.0,0.0,0,0.0
630,935.6666666666666,9213.828123999267,0.0,0.0,0,0.0
631,935.6666666666666,9213.828123999267,0.0,0.0,0,0.0
632,935.6666666666666,9213.828123999267,0.0,0.0,0,0.0
633,935.6666666666666,9213.828123999267,0.0,0.0,0,0.0
634,935.6666666666666,9213.828123999267,0.0,0.0,0,0.0
635,935.6666666666666,9213.828123999267,0.0,0.0,0,0.0
636,935.6666666666666,9213.828123999267,0.0,0.0,0,0.0
637,935.6666666666666,9213.828123999267,0.0,0.0,0,0.0
638,935.6666666666666,9213.828123999267,0.0,0.0,0,0.0
639,935.6666666666666,9213.828123999267,0.0,0.0,0,0.0
640,935.6666666666666,9213.828123999267,0.0,0.0,0,0.0
641,935.6666666666666,9213.828123999267,0.0,0.0,0,0.0
642,935.6666666666666,9213.828123999267,0.0,0.0,0,0.0
643,935.6666666666666,9213.828123999267,0.0,0.0,0,0.0
644,935.6666666666666,9213.828123999267,0.0,0.0,0,0.0
645,935.6666666666666,9213.828123999267,0.0,0.0,0,0.0
646,935.6666666666666,9213.828123999267,0.0,0.0,0,0.0
647,935.6666666666666,9213.828123999267,0.0,0.0,0,0.0
648,935.6666666666666,9213.828123999267,0.0,0.0,0,0.0
649,935.6666666666666,9213.828123999267,0.0,0.0,0,0.0
650,935.6666666666666,9213.828123999267,0.0,0.0,0,0.0
651,935.6666666666666,9213.828123999267,0.0,0.0,0,0.0
652,935.6666666666666,9213.828123999267,0.0,0.0,0,0.0
653,935.6666666666666,9213.828123999267,0.0,0.0,0,0.0
654,935.6666666666666,9213.828123999267,0.0,0.0,0,0.0
655,935.6666666666666,9213.828123999267,0.0,0.0,0,0.0
656,935.6666666666666,9213.828123999267,0.0,0.0,0,0.0
657,935.6666666666666,9213.828123999267,0.0,0.0,0,0.0
658,935.6666666666666,9213.828123999267,0.0,0.0,0,0.0
659,935.6666666666666,9213.828123999267,0.0,0.0,0,0.0
660,935.6666666666666,9213.828123999267,0.0,0.0,0,0.0
661,935.6666666666666,9213.828123999267,0.0,0.0,0,0.0
662,935.6666666666666,9213.828123999267,0.0,0.0,0,0.0
663,935.6666666666666,9213.828123999267,0.0,0.0,0,0.0
664,935.6666666666666,9213.828123999267,0.0,0.0,0,0.0
665,935.6666666666666,9213.828123999267,0.0,0.0,0,0.0
666,935.6666666666666,9213.828123999267,0.0,0.0,0,0.0
667,935.6666666666666,9213.828123999267,0.0,0.0,0,0.0
668,935.6666666666666,9213.828123999267,0.0,0.0,0,0.0
669,935.6666666666666,9213.828123999267,0.0,0.0,0,0.0
670,935.6666666666666,9213.828123999267,0.0,0.0,0,0.0
671,935.6666666666666,9213.828123999267,0.0,0.0,0,0.0
672,935.6666666666666,9213.828123999267,0.0,0.0,0,0.0
673,935.6666666666666,9213.828123999267,0.0,0.0,0,0.0
674,935.6666666666666,9213.828123999267,0.0,0.0,0,0.0
675,935.6666666666666,9213.828123999267,0.0,0.0,0,0.0
676,935.6666666666666,9213.828123999267,0.0,0.0,0,0.0
677,935.6666666666666,9213.828123999267,0.0,0.0,0,0.0
678,935.6666666666666,9213.828123999267,0.0,0.0,0,0.0
679,935.6666666666666,9213.828123999267,0.0,0.0,0,0.0
680,935.6666666666666,9213.828123999267,0.0,0.0,0,0.0
681,935.6666666666666,9213.828123999267,0.0,0.0,0,0.0
682,935.6666666666666,9213.828123999267,0.0,0.0,0,0.0
683,935.6666666666666,9213.828123999267,0.0,0.0,0,0.0
684,935.6666666666666,9213.828123999267,0.0,0.0,0,0.0
685,935.6666666666666,9213.828123999267,0.0,0.0,0,0.0
686,935.6666666666666,9213.828123999267,0.0,0.0,0,0.0
687,935.6666666666666,9213.828123999267,0.0,0.0,0,0.0
688,935.6666666666666,9213.828123999267,0.0,0.0,0,0.0
689,935.6666666666666,9213.828123999267,0.0,0.0,0,0.0
690,935.6666666666666,9213.828123999267,0.0,0.0,0,0.0
691,935.6666666666666,9213.828123999267,0.0,0.0,0,0.0
692,935.6666666666666,9213.828123999267,0.0,0.0,0,0.0
693,935.6666666666666,9213.828123999267,0.0,0.0,0,0.0
694,935.6666666666666,9213.828123999267,0.0,0.0,0,0.0
695,935.6666666666666,9213.828123999267,0.0,0.0,0,0.0
696,935.6666666666666,9213.828123999267,0.0,0.0,0,0.0
697,935.6666666666666,9213.828123999267,0.0,0.0,0,0.0
698,935.6666666666666,9213.828123999267,0.0,0.0,0,0.0
699,935.6666666666666,9213.828123999267,0.0,0.0,0,0.0
700,935.6666666666666,9213.828123999267,0.0,0.0,0,0.0
701,935.6666666666666,9213.828123999267,0.0,0.0,0,0.0
702,935.6666666666666,9213.828123999267,0.0,0.0,0,0.0
703,935.6666666666666,9213.828123999267,0.0,0.0,0,0.0
704,935.6666666666666,9213.828123999267,0.0,0.0,0,0.0
705,935.6666666666666,9213.828123999267,0.0,0.0,0,0.0
706,935.6666666666666,9213.828123999267,0.0,0.0,0,0.0
707,935.6666666666666,9213.828123999267,0.0,0.0,0,0.0
708,935.6666666666666,9213.828123999267,0.0,0.0,0,0.0
709,935.6666666666666,9213.828123999267,0.0,0.0,0,0.0
710,935.6666666666666,9213.828123999267,0.0,0.0,0,0.0
711,935.6666666666666,9213.828123999267,0.0,0.0,0,0.0
712,935.6666666666666,9213.828123999267,0.0,0.0,0,0.0
713,935.6666666666666,9213.828123999267,0.0,0.0,0,0.0
714,935.6666666666666,9213.828123999267,0.0,0.0,0,0.0
715,935.6666666666666,9213.828123999267,0.0,0.0,0,0.0
716,935.6666666666666,9213.828123999267,0.0,0.0,0,0.0
717,935.6666666666666,9213.828123999267,0.0,0.0,0,0.0
718,935.6666666666666,9213.828123999267,0.0,0.0,0,0.0
719,935.6666666666666,9213.828123999267,0.0,0.0,0,0.0
720,935.6666666666666,9213.828123999267,0.0,0.0,0,0.0
721,935.6666666666666,9213.828123999267,0.0,0.0,0,0.0
722,935.6666666666666,9213.828123999267,0.0,0.0,0,0.0
723,935.6666666666666,9213.828123999267,0.0,0.0,0,0.0
724,935.6666666666666,9213.828123999267,0.0,0.0,0,0.0
725,935.6666666666666,9213.828123999267,0.0,0.0,0,0.0
726,935.6666666666666,9213.828123999267,0.0,0.0,0,0.0
727,935.6666666666666,9213.828123999267,0.0,0.0,0,0.0
728,935.6666666666666,9213.828123999267,0.0,0.0,0,0.0
729,935.6666666666666,9213.828123999267,0.0,0.0,0,0.0
730,935.6666666666666,9213.828123999267,0.0,0.0,0,0.0
731,935.6666666666666,9213.828123999267,0.0,0.0,0,0.0
732,935.6666666666666,9213.828123999267,0.0,0.0,0,0.0
733,935.6666666666666,9213.828123999267,0.0,0.0,0,0.0
734,935.6666666666666,9213.828123999267,0.0,0.0,0,0.0
735,935.6666666666666,9213.828123999267,0.0,0.0,0,0.0
736,935.6666666666666,9213.828123999267,0.0,0.0,0,0.0
737,935.6666666666666,9213.828123999267,0.0,0.0,0,0.0
738,935.6666666666666,9213.828123999267,0.0,0.0,0,0.0
739,935.6666666666666,9213.828123999267,0.0,0.0,0,0.0
740,935.6666666666666,9213.828123999267,0.0,0.0,0,0.0
741,935.6666666666666,9213.828123999267,0.0,0.0,0,0.0
742,935.6666666666666,9213.828123999267,0.0,0.0,0,0.0
743,935.6666666666666,9213.828123999267,0.0,0.0,0,0.0
744,935.6666666666666,9213.828123999267,0.0,0.0,0,0.0
745,935.6666666666666,9213.828123999267,0.0,0.0,0,0.0
746,935.6666666666666,9213.828123999267,0.0,0.0,0,0.0
747,935.6666666666666,9213.828123999267,0.0,0.0,0,0.0
748,935.6666666666666,9213.828123999267,0.0,0.0,0,0.0
749,935.6666666666666,9213.828123999267,0.0,0.0,0,0.0
750,935.6666666666666,9213.828123999267,0.0,0.0,0,0.0
751,935.6666666666666,9213.828123999267,0.0,0.0,0,0.0
752,935.6666666666666,9213.828123999267,0.0,0.0,0,0.0
753,935.6666666666666,9213.828123999267,0.0,0.0,0,0.0
754,935.6666666666666,9213.828123999267,0.0,0.0,0,0.0
755,935.6666666666666,9213.828123999267,0.0,0.0,0,0.0
756,935.6666666666666,9213.828123999267,0.0,0.0,0,0.0
757,935.6666666666666,9213.828123999267,0.0,0.0,0,0.0
758,935.6666666666666,9213.828123999267,0.0,0.0,0,0.0
759,935.6666666666666,9213.828123999267,0.0,0.0,0,0.0
760,935.6666666666666,9213.828123999267,0.0,0.0,0,0.0
761,935.6666666666666,9213.828123999267,0.0,0.0,0,0.0
762,935.6666666666666,9213.828123999267,0.0,0.0,0,0.0
763,935.6666666666666,9213.828123999267,0.0,0.0,0,0.0
764,935.6666666666666,9213.828123999267,0.0,0.0,0,0.0
765,935.6666666666666,9213.828123999267,0.0,0.0,0,0.0
766,935.6666666666666,9213.828123999267,0.0,0.0,0,0.0
767,935.6666666666666,9213.828123999267,0.0,0.0,0,0.0
768,935.6666666666666,9213.828123999267,0.0,0.0,0,0.0
769,935.6666666666666,9213.828123999267,0.0,0.0,0,0.0
770,935.6666666666666,9213.828123999267,0.0,0.0,0,0.0
771,935.6666666666666,9213.828123999267,0.0,0.0,0,0.0
772,935.6666666666666,9213.828123999267,0.0,0.0,0,0.0
773,935.6666666666666,9213.828123999267,0.0,0.0,0,0.0
774,935.6666666666666,9213.828123999267,0.0,0.0,0,0.0
775,935.6666666666666,9213.828123999267,0.0,0.0,0,0.0
776,935.6666666666666,9213.828123999267,0.0,0.0,0,0.0
777,935.6666666666666,9213.828123999267,0.0,0.0,0,0.0
778,935.6666666666666,9213.828123999267,0.0,0.0,0,0.0
779,935.6666666666666,9213.828123999267,0.0,0.0,0,0.0
780,935.6666666666666,9213.828123999267,0.0,0.0,0,0.0
781,935.6666666666666,9213.828123999267,0.0,0.0,0,0.0
782,935.6666666666666,9213.828123999267,0.0,0.0,0,0.0
783,935.6666666666666,9213.828123999267,0.0,0.0,0,0.0
784,935.6666666666666,9213.828123999267,0.0,0.0,0,0.0
785,935.6666666666666,9213.828123999267,0.0,0.0,0,0.0
786,935.6666666666666,9213.828123999267,0.0,0.0,0,0.0
787,935.6666666666666,9213.828123999267,0.0,0.0,0,0.0
788,935.6666666666666,9213.828123999267,0.0,0.0,0,0.0
789,935.6666666666666,9213.828123999267,0.0,0.0,0,0.0
790,935.6666666666666,9213.828123999267,0.0,0.0,0,0.0
791,935.6666666666666,9213.828123999267,0.0,0.0,0,0.0
792,935.6666666666666,9213.828123999267,0.0,0.0,0,0.0
793,935.6666666666666,9213.828123999267,0.0,0.0,0,0.0
794,935.6666666666666,9213.828123999267,0.0,0.0,0,0.0
795,935.6666666666666,9213.828123999267,0.0,0.0,0,0.0
796,935.6666666666666,9213.828123999267,0.0,0.0,0,0.0
797,935.6666666666666,9213.828123999267,0.0,0.0,0,0.0
798,935.6666666666666,9213.828123999267,0.0,0.0,0,0.0
799,935.6666666666666,9213.828123999267,0.0,0.0,0,0.0
800,935.6666666666666,9213.828123999267,0.0,0.0,0,0.0
801,935.6666666666666,9213.828123999267,0.0,0.0,0,0.0
802,935.6666666666666,9213.828123999267,0.0,0.0,0,0.0
803,935.6666666666666,9213.828123999267,0.0,0.0,0,0.0
804,935.6666666666666,9213.828123999267,0.0,0.0,0,0.0
805,935.6666666666666,9213.828123999267,0.0,0.0,0,0.0
806,935.6666666666666,9213.828123999267,0.0,0.0,0,0.0
807,935.6666666666666,9213.828123999267,0.0,0.0,0,0.0
808,935.6666666666666,9213.828123999267,0.0,0.0,0,0.0
809,935.6666666666666,9213.828123999267,0.0,0.0,0,0.0
810,935.6666666666666,9213.828123999267,0.0,0.0,0,0.0
811,935.6666666666666,9213.828123999267,0.0,0.0,0,0.0
812,935.6666666666666,9213.828123999267,0.0,0.0,0,0.0
813,935.6666666666666,9213.828123999267,0.0,0.0,0,0.0
814,935.6666666666666,9213.828123999267,0.0,0.0,0,0.0
815,935.6666666666666,9213.828123999267,0.0,0.0,0,0.0
816,935.6666666666666,9213.828123999267,0.0,0.0,0,0.0
817,935.6666666666666,9213.828123999267,0.0,0.0,0,0.0
818,935.6666666666666,9213.828123999267,0.0,0.0,0,0.0
819,935.6666666666666,9213.828123999267,0.0,0.0,0,0.0
820,935.6666666666666,9213.828123999267,0.0,0.0,0,0.0
821,935.6666666666666,9213.828123999267,0.0,0.0,0,0.0
822,935.6666666666666,9213.828123999267,0.0,0.0,0,0.0
823,935.6666666666666,9213.828123999267,0.0,0.0,0,0.0
824,935.6666666666666,9213.828123999267,0.0,0.0,0,0.0
825,935.6666666666666,9213.828123999267,0.0,0.0,0,0.0
826,935.6666666666666,9213.828123999267,0.0,0.0,0,0.0
827,935.6666666666666,9213.828123999267,0.0,0.0,0,0.0
828,935.6666666666666,9213.828123999267,0.0,0.0,0,0.0
829,935.6666666666666,9213.828123999267,0.0,0.0,0,0.0
830,935.6666666666666,9213.828123999267,0.0,0.0,0,0.0
831,935.6666666666666,9213.828123999267,0.0,0.0,0,0.0
832,935.6666666666666,9213.828123999267,0.0,0.0,0,0.0
833,935.6666666666666,9213.828123999267,0.0,0.0,0,0.0
834,935.6666666666666,9213.828123999267,0.0,0.0,0,0.0
835,935.6666666666666,9213.828123999267,0.0,0.0,0,0.0
836,935.6666666666666,9213.828123999267,0.0,0.0,0,0.0
837,935.6666666666666,9213.828123999267,0.0,0.0,0,0.0
838,935.6666666666666,9213.828123999267,0.0,0.0,0,0.0
839,935.6666666666666,9213.828123999267,0.0,0.0,0,0.0
840,935.6666666666666,9213.828123999267,0.0,0.0,0,0.0
841,935.6666666666666,9213.828123999267,0.0,0.0,0,0.0
842,935.6666666666666,9213.828123999267,0.0,0.0,0,0.0
843,935.6666666666666,9213.828123999267,0.0,0.0,0,0.0
844,935.6666666666666,9213.828123999267,0.0,0.0,0,0.0
845,935.6666666666666,9213.828123999267,0.0,0.0,0,0.0
846,935.6666666666666,9213.828123999267,0.0,0.0,0,0.0
847,935.6666666666666,9213.828123999267,0.0,0.0,0,0.0
848,935.6666666666666,9213.828123999267,0.0,0.0,0,0.0
849,935.6666666666666,9213.828123999267,0.0,0.0,0,0.0
850,935.6666666666666,9213.828123999267,0.0,0.0,0,0.0
851,935.6666666666666,9213.828123999267,0.0,0.0,0,0.0
852,935.6666666666666,9213.828123999267,0.0,0.0,0,0.0
853,935.6666666666666,9213.828123999267,0.0,0.0,0,0.0
854,935.6666666666666,9213.828123999267,0.0,0.0,0,0.0
855,935.6666666666666,9213.828123999267,0.0,0.0,0,0.0
856,935.6666666666666,9213.828123999267,0.0,0.0,0,0.0
857,935.6666666666666,9213.828123999267,0.0,0.0,0,0.0
858,935.6666666666666,9213.828123999267,0.0,0.0,0,0.0
859,935.6666666666666,9213.828123999267,0.0,0.0,0,0.0
860,935.6666666666666,9213.828123999267,0.0,0.0,0,0.0
861,935.6666666666666,9213.828123999267,0.0,0.0,0,0.0
862,935.6666666666666,9213.828123999267,0.0,0.0,0,0.0
863,935.6666666666666,9213.828123999267,0.0,0.0,0,0.0
864,935.6666666666666,9213.828123999267,0.0,0.0,0,0.0
865,935.6666666666666,9213.828123999267,0.0,0.0,0,0.0
866,935.6666666666666,9213.828123999267,0.0,0.0,0,0.0
867,935.6666666666666,9213.828123999267,0.0,0.0,0,0.0
868,935.6666666666666,9213.828123999267,0.0,0.0,0,0.0
869,935.6666666666666,9213.828123999267,0.0,0.0,0,0.0
870,935.6666666666666,9213.828123999267,0.0,0.0,0,0.0
871,935.6666666666666,9213.828123999267,0.0,0.0,0,0.0
872,935.6666666666666,9213.828123999267,0.0,0.0,0,0.0
873,935.6666666666666,9213.828123999267,0.0,0.0,0,0.0
874,935.6666666666666,9213.828123999267,0.0,0.0,0,0.0
875,935.6666666666666,9213.828123999267,0.0,0.0,0,0.0
876,935.6666666666666,9213.828123999267,0.0,0.0,0,0.0
877,935.6666666666666,9213.828123999267,0.0,0.0,0,0.0
878,935.6666666666666,9213.828123999267,0.0,0.0,0,0.0
879,935.6666666666666,9213.828123999267,0.0,0.0,0,0.0
880,935.6666666666666,9213.828123999267,0.0,0.0,0,0.0
881,935.6666666666666,9213.828123999267,0.0,0.0,0,0.0
882,935.6666666666666,9213.828123999267,0.0,0.0,0,0.0
883,935.6666666666666,9213.828123999267,0.0,0.0,0,0.0
884,935.6666666666666,9213.828123999267,0.0,0.0,0,0.0
885,935.6666666666666,9213.828123999267,0.0,0.0,0,0.0
886,935.6666666666666,9213.828123999267,0.0,0.0,0,0.0
887,935.6666666666666,9213.828123999267,0.0,0.0,0,0.0
888,935.6666666666666,9213.828123999267,0.0,0.0,0,0.0
889,935.6666666666666,9213.828123999267,0.0,0.0,0,0.0
890,935.6666666666666,9213.828123999267,0.0,0.0,0,0.0
891,935.6666666666666,9213.828123999267,0.0,0.0,0,0.0
892,935.6666666666666,9213.828123999267,0.0,0.0,0,0.0
893,935.6666666666666,9213.828123999267,0.0,0.0,0,0.0
894,935.6666666666666,9213.828123999267,0.0,0.0,0,0.0
895,935.6666666666666,9213.828123999267,0.0,0.0,0,0.0
896,935.6666666666666,9213.828123999267,0.0,0.0,0,0.0
897,935.6666666666666,9213.828123999267,0.0,0.0,0,0.0
898,935.6666666666666,9213.828123999267,0.0,0.0,0,0.0
899,935.6666666666666,9213.828123999267,0.0,0.0,0,0.0
900,935.6666666666666,9213.828123999267,0.0,0.0,0,0.0
901,935.6666666666666,9213.828123999267,0.0,0.0,0,0.0
902,935.6666666666666,9213.828123999267,0.0,0.0,0,0.0
903,935.6666666666666,9213.828123999267,0.0,0.0,0,0.0
904,935.6666666666666,9213.828123999267,0.0,0.0,0,0.0
905,935.6666666666666,9213.828123999267,0.0,0.0,0,0.0
906,935.6666666666666,9213.828123999267,0.0,0.0,0,0.0
907,935.6666666666666,9213.828123999267,0.0,0.0,0,0.0
908,935.6666666666666,9213.828123999267,0.0,0.0,0,0.0
909,935.6666666666666,9213.828123999267,0.0,0.0,0,0.0
910,935.6666666666666,9213.828123999267,0.0,0.0,0,0.0
911,935.6666666666666,9213.828123999267,0.0,0.0,0,0.0
912,935.6666666666666,9213.828123999267,0.0,0.0,0,0.0
913,935.6666666666666,9213.828123999267,0.0,0.0,0,0.0
914,935.6666666666666,9213.828123999267,0.0,0.0,0,0.0
915,935.6666666666666,9213.828123999267,0.0,0.0,0,0.0
916,935.6666666666666,9213.828123999267,0.0,0.0,0,0.0
917,935.6666666666666,9213.828123999267,0.0,0.0,0,0.0
918,935.6666666666666,9213.828123999267,0.0,0.0,0,0.0
919,935.6666666666666,9213.828123999267,0.0,0.0,0,0.0
920,935.6666666666666,9213.828123999267,0.0,0.0,0,0.0
921,935.6666666666666,9213.828123999267,0.0,0.0,0,0.0
922,935.6666666666666,9213.828123999267,0.0,0.0,0,0.0
923,935.6666666666666,9213.828123999267,0.0,0.0,0,0.0
924,935.6666666666666,9213.828123999267,0.0,0.0,0,0.0
925,935.6666666666666,9213.828123999267,0.0,0.0,0,0.0
926,935.6666666666666,9213.828123999267,0.0,0.0,0,0.0
927,935.6666666666666,9213.828123999267,0.0,0.0,0,0.0
928,935.6666666666666,9213.828123999267,0.0,0.0,0,0.0
929,935.6666666666666,9213.828123999267,0.0,0.0,0,0.0
930,935.6666666666666,9213.828123999267,0.0,0.0,0,0.0
931,935.6666666666666,9213.828123999267,0.0,0.0,0,0.0
932,935.6666666666666,9213.828123999267,0.0,0.0,0,0.0
933,935.6666666666666,9213.828123999267,0.0,0.0,0,0.0
934,935.6666666666666,9213.828123999267,0.0,0.0,0,0.0
935,935.6666666666666,9213.828123999267,0.0,0.0,0,0.0
936,935.6666666666666,9213.828123999267,0.0,0.0,0,0.0
937,935.6666666666666,9213.828123999267,0.0,0.0,0,0.0
938,935.6666666666666,9213.828123999267,0.0,0.0,0,0.0
939,935.6666666666666,9213.828123999267,0.0,0.0,0,0.0
940,935.6666666666666,9213.828123999267,0.0,0.0,0,0.0
941,935.6666666666666,9213.828123999267,0.0,0.0,0,0.0
942,935.6666666666666,9213.828123999267,0.0,0.0,0,0.0
943,935.6666666666666,9213.828123999267,0.0,0.0,0,0.0
944,935.6666666666666,9213.828123999267,0.0,0.0,0,0.0
945,935.6666666666666,9213.828123999267,0.0,0.0,0,0.0
946,935.6666666666666,9213.828123999267,0.0,0.0,0,0.0
947,935.6666666666666,9213.828123999267,0.0,0.0,0,0.0
948,935.6666666666666,9213.828123999267,0.0,0.0,0,0.0
949,935.6666666666666,9213.828123999267,0.0,0.0,0,0.0
950,935.6666666666666,9213.828123999267,0.0,0.0,0,0.0
951,935.6666666666666,9213.828123999267,0.0,0.0,0,0.0
952,935.6666666666666,9213.828123999267,0.0,0.0,0,0.0
953,935.6666666666666,9213.828123999267,0.0,0.0,0,0.0
954,935.6666666666666,9213.828123999267,0.0,0.0,0,0.0
955,935.6666666666666,9213.828123999267,0.0,0.0,0,0.0
956,935.6666666666666,9213.828123999267,0.0,0.0,0,0.0
957,935.6666666666666,9213.828123999267,0.0,0.0,0,0.0
958,935.6666666666666,9213.828123999267,0.0,0.0,0,0.0
959,935.6666666666666,9213.828123999267,0.0,0.0,0,0.0
960,935.6666666666666,9213.828123999267,0.0,0.0,0,0.0
961,935.6666666666666,9213.828123999267,0.0,0.0,0,0.0
962,935.6666666666666,9213.828123999267,0.0,0.0,0,0.0
963,935.6666666666666,9213.828123999267,0.0,0.0,0,0.0
964,935.6666666666666,9213.828123999267,0.0,0.0,0,0.0
965,935.6666666666666,9213.828123999267,0.0,0.0,0,0.0
966,935.6666666666666,9213.828123999267,0.0,0.0,0,0.0
967,935.6666666666666,9213.828123999267,0.0,0.0,0,0.0
968,935.6666666666666,9213.828123999267,0.0,0.0,0,0.0
969,935.6666666666666,9213.828123999267,0.0,0.0,0,0.0
970,935.6666666666666,9213.828123999267,0.0,0.0,0,0.0
971,935.6666666666666,9213.828123999267,0.0,0.0,0,0.0
972,935.6666666666666,9213.828123999267,0.0,0.0,0,0.0
973,935.6666666666666,9213.828123999267,0.0,0.0,0,0.0
974,935.6666666666666,9213.828123999267,0.0,0.0,0,0.0
975,935.6666666666666,9213.828123999267,0.0,0.0,0,0.0
976,935.6666666666666,9213.828123999267,0.0,0.0,0,0.0
977,935.6666666666666,9213.828123999267,0.0,0.0,0,0.0
978,935.6666666666666,9213.828123999267,0.0,0.0,0,0.0
979,935.6666666666666,9213.828123999267,0.0,0.0,0,0.0
980,935.6666666666666,9213.828123999267,0.0,0.0,0,0.0
981,935.6666666666666,9213.828123999267,0.0,0.0,0,0.0
982,935.6666666666666,9213.828123999267,0.0,0.0,0,0.0
983,935.6666666666666,9213.828123999267,0.0,0.0,0,0.0
984,935.6666666666666,9213.828123999267,0.0,0.0,0,0.0
985,935.6666666666666,9213.828123999267,0.0,0.0,0,0.0
986,935.6666666666666,9213.828123999267,0.0,0.0,0,0.0
987,935.6666666666666,9213.828123999267,0.0,0.0,0,0.0
988,935.6666666666666,9213.828123999267,0.0,0.0,0,0.0
989,935.6666666666666,9213.828123999267,0.0,0.0,0,0.0
990,935.6666666666666,9213.828123999267,0.0,0.0,0,0.0
991,935.6666666666666,9213.828123999267,0.0,0.0,0,0.0
992,935.6666666666666,9213.828123999267,0.0,0.0,0,0.0
993,935.6666666666666,9213.828123999267,0.0,0.0,0,0.0
994,935.6666666666666,9213.828123999267,0.0,0.0,0,0.0
995,935.6666666666666,9213.828123999267,0.0,0.0,0,0.0
996,935.6666666666666,9213.828123999267,0.0,0.0,0,0.0
997,935.6666666666666,9213.828123999267,0.0,0.0,0,0.0
998,935.6666666666666,9213.828123999267,0.0,0.0,0,0.0
999,935.6666666666666,9213.828123999267,0.0,0.0,0,0.0
1000,935.6666666666666,9213.828123999267,0.0,0.0,0,0.0
